Kp,Ki,Kd,Ka
1.65093962451677,0,1.1331266219028,1.12774848552259
